Name,Mean,MeanLB,MeanUB,Stddev,StddevLB,StddevUB
"1",0.6291079278679758,0.6086502691002756,0.6616080923767953,0.13078197135813519,8.576370698727914e-2,0.18438494755747548
"2",1.0697668643685248,1.050878462383357,1.0952192087860975,0.11159300422403218,8.741659802731885e-2,0.15526661869181763
"4",3.0255336423607724,2.959837102481928,3.1064121313782604,0.3707828858658676,0.30902941793613675,0.4314095023945661
"8",4.61255911071023,4.537763413974849,4.697936048099603,0.4090145050887565,0.36255555688067287,0.45810559983997695
"16",5.961782531330195,5.933351180145352,5.997975792476739,0.16307330042829296,0.13279755858783124,0.23173045007476942
"32",12.207096054145902,12.132516617366878,12.290411669799894,0.40485367832078634,0.3554001971830925,0.4862885430503006
"64",23.76390470940789,23.665992312023246,23.8774840946885,0.5422955260782054,0.45975380833915813,0.6802999261562903
"128",93.03315693099218,92.08944428879936,93.71404164035042,4.065953151984178,3.077219479626859,6.682964757982455
