Name,Mean,MeanLB,MeanUB,Stddev,StddevLB,StddevUB
"1",7.527236840636515e-5,7.501826922071504e-5,7.555342723134451e-5,1.3756575647551784e-6,1.1931915144528708e-6,1.7510055667216065e-6
"10",7.277875302996473e-5,7.185282196639938e-5,7.335341405365375e-5,3.6556566528973733e-6,2.4972272266265078e-6,5.060760912131526e-6
"100",7.286284976513873e-5,7.155400401392544e-5,7.382360439086373e-5,5.682098471976782e-6,4.428577075423668e-6,6.861935665194774e-6
"1000",8.762523624602527e-5,8.676345242364775e-5,8.835251225335968e-5,4.059647726848873e-6,3.4358633466413588e-6,4.752827778221624e-6
"10000",1.8994321611133362e-4,1.8871675120400532e-4,1.9061833805448955e-4,4.5317636439994285e-6,2.539863910458415e-6,7.364852756909672e-6
"100000",1.243995450330632e-3,1.2384212239512375e-3,1.2491667493113449e-3,2.741831993859283e-5,2.1656769988985645e-5,3.4894328902946424e-5
"1000000",5.3659737332591e-3,5.341016076398747e-3,5.401560090375798e-3,1.5125065558012203e-4,1.1524174274515144e-4,2.0452574297766788e-4

