Name,Mean,MeanLB,MeanUB,Stddev,StddevLB,StddevUB
"1",2.1583219559548746e-4,2.1489325988215287e-4,2.1726660846502742e-4,5.861766850925869e-6,4.286178594534302e-6,9.83008204056813e-6
"10",3.816313149065389e-4,3.794504661036999e-4,3.838312371957058e-4,1.1260069484621562e-5,1.0061972209242901e-5,1.2795161727783248e-5
"100",1.6273229425506934e-3,1.6174667184906345e-3,1.637366325195347e-3,5.100610642203949e-5,4.54260592330653e-5,5.839187048151003e-5
"1000",5.8287344585571995e-3,5.684231341949531e-3,6.0712156902466485e-3,9.396724065232658e-4,6.216493956339894e-4,1.2850436607305417e-3
"10000",5.2147222579589925e-2,5.191462856637579e-2,5.237909180032357e-2,1.1945659223622693e-3,1.0540824272982083e-3,1.3813230919590904e-3
"100000",0.5035432539592898,0.4985129128109132,0.5079928932796632,2.4379481370006624e-2,2.1742364593354744e-2,2.694008191175595e-2
"1000000",5.24237136226999,5.094521387637725,5.4425876436840195,0.8744449265081158,0.697423513145133,1.1997079391697973

