Name,Mean,MeanLB,MeanUB,Stddev,StddevLB,StddevUB
"1000",1.1005564213295773e-3,1.063499021579822e-3,1.1778195381661257e-3,2.630990081724828e-4,1.479833016313817e-4,4.2595318781631184e-4
"10000",1.0585726420415773e-3,1.0374733925196853e-3,1.0984855016403726e-3,1.4415460830676058e-4,8.354510597436977e-5,2.313328120045442e-4
"100000",1.1008508682747685e-3,1.0758920193215207e-3,1.1617131710549191e-3,1.8594705470640664e-4,5.5953469337946814e-5,3.340710632142213e-4
"1000000",1.2126008034745851e-3,1.178287601570288e-3,1.279830074409644e-3,2.368931640458845e-4,1.4349996476071826e-4,3.6743939016846134e-4
"10000000",2.2052017212907467e-3,2.1559730530778557e-3,2.3067131997148186e-3,3.4743281347613054e-4,1.9796535144273665e-4,5.963015289107451e-4
"100000000",1.1639825439552467e-2,1.15284410477678e-2,1.1860982513527072e-2,7.77555331368667e-4,4.824080869606871e-4,1.4139779436999624e-3


