Name,Mean,MeanLB,MeanUB,Stddev,StddevLB,StddevUB
"1000",2.0145452442386796e-4,1.8882999575090784e-4,2.1667463669464702e-4,7.093801795889661e-5,6.138921777097637e-5,8.180060598299239e-5
"10000",2.491264702728045e-4,2.341082672310339e-4,2.6685159116402845e-4,8.342980236484595e-5,7.381457783207987e-5,1.0538976157364176e-4
"100000",8.246203457404459e-4,7.128830944587078e-4,9.817596470404943e-4,6.754622331335223e-4,5.170381226699323e-4,8.340639739913465e-4
"1000000",8.446087633658731e-4,6.850805079032269e-4,1.0686965977240888e-3,9.604270586006748e-4,7.324760038890211e-4,1.1942506721044246e-3
"10000000",2.943374606647663e-3,1.8083146141753314e-3,4.578939569670532e-3,7.015780282510259e-3,5.262762437734939e-3,8.730546262169622e-3
"100000000",2.9980801024075073e-2,2.4347675718899283e-2,3.562618819677405e-2,2.861550087055362e-2,2.842284342767266e-2,2.9147690283671705e-2


