Name,Mean,MeanLB,MeanUB,Stddev,StddevLB,StddevUB
"100",2.1482440157234668e-2,2.140420548468828e-2,2.1563159151375282e-2,4.0619872721423596e-4,3.620251107756722e-4,4.685335770759551e-4
"1000",0.1897790943816305,0.18945626132041218,0.19011091105490915,1.6811583200274922e-3,1.492441297374913e-3,1.922218486613679e-3
"10000",2.215143276377022,2.2115822135642165,2.218507469816506,1.774123537744324e-2,1.586913649772733e-2,2.0051774525598528e-2
"100000",25.851354638262094,25.838295925779637,25.8644034396842,6.718665015305868e-2,5.9064214795506005e-2,7.724371179353225e-2


