Name,Mean,MeanLB,MeanUB,Stddev,StddevLB,StddevUB
"100",0.2094724742153925,0.207817105410461,0.21097530519760088,8.05975834387223e-3,6.958428561224067e-3,9.946434744900451e-3
"1000",1.076656009314422,1.0504918733814994,1.099295558092957,0.1242027561934833,0.10467316668169448,0.1503761573687374
"10000",6.912253998873599,6.792904330847625,7.042747587321166,0.6392527609581815,0.5689779027274341,0.7300472614807628

