Name,Mean,MeanLB,MeanUB,Stddev,StddevLB,StddevUB
"100",8.57575266196259e-2,8.535652325887765e-2,8.634875701208196e-2,2.4594747413812902e-3,1.7959011173677513e-3,3.2864015969358714e-3
"1000",0.24961108372945862,0.24810047314901434,0.2510165469481477,7.497670742885456e-3,6.678741723464018e-3,8.392365637163167e-3
"10000",1.67774295972128,1.6666312377287875,1.688809477551175,5.677042274675987e-2,5.361733591444741e-2,6.048063702462561e-2
"100000",16.296893750889488,16.113792189819996,16.524733983738614,1.0482223356253706,0.8858836805514472,1.2289904117094337


