Name,Mean,MeanLB,MeanUB,Stddev,StddevLB,StddevUB
"100",8.52709216585117e-2,8.458566136264374e-2,8.612383074664641e-2,3.925635063212284e-3,3.285664502331044e-3,4.7402764687599725e-3
"1000",0.23506304211520715,0.23421308464908178,0.23620623536014138,5.009585793739751e-3,3.999599861014972e-3,6.951427740266804e-3
"10000",1.5456605405321073,1.5390642733087492,1.560532993744846,4.804365623759281e-2,1.9695174631271167e-2,8.313580536380195e-2
"100000",15.983365494679443,15.780732821892734,16.23970370478533,1.1660234424566793,0.9592382955906371,1.3624123354217903


