Name,Mean,MeanLB,MeanUB,Stddev,StddevLB,StddevUB
"100",0.2920116263907936,0.2897962814849402,0.29447161498484853,1.1888856951634323e-2,1.0009394103060659e-2,1.4980890991480283e-2
"1000",0.6323908764403843,0.6244027883094337,0.6406405335944678,4.17568077911109e-2,3.775593994244085e-2,4.739444721103803e-2
"10000",3.4794812304061424,3.4644155794662024,3.4961431891006014,8.12603584176342e-2,7.03084317998042e-2,9.652650517740693e-2
