Name,Mean,MeanLB,MeanUB,Stddev,StddevLB,StddevUB
"100",2.157780033424496e-2,2.147832733467221e-2,2.1678987563401468e-2,5.139286087044457e-4,4.550370398076789e-4,5.875593127116649e-4
"1000",0.19406160932853822,0.1936416302330792,0.19448932272270325,2.184095859080182e-3,1.9280532703535654e-3,2.5139484585005025e-3
"10000",2.27365040403679,2.2695041261322797,2.277540932715685,2.0518967368520893e-2,1.8034356680525734e-2,2.3896219366394293e-2

