Name,Mean,MeanLB,MeanUB,Stddev,StddevLB,StddevUB
"1",0.6756949049472808,0.6676113921642303,0.6886621099948883,5.1186838210924165e-2,3.635083356078264e-2,6.869683353580844e-2
"2",1.2981808501720438,1.2797190338611601,1.3242617088794708,0.11098050842159426,8.642016642272242e-2,0.1494160078332213
"4",1.3301437598705292,1.3122525412082677,1.3541846066951755,0.10625930620447263,8.464640184279054e-2,0.13961201434493403
"8",3.919277039194107,3.891285176897048,3.952210539007187,0.15493044283090696,0.1337211491803381,0.18221516168209925
"16",7.391476271772385,7.333491855287552,7.527698014402389,0.42995576666736957,0.23192724027034076,0.8820856057373146
"32",15.957074499750142,15.892006407403949,16.02775921406746,0.3483367875507554,0.3079222608403638,0.40900096377034084
"64",25.300948765897754,25.16309770884514,25.436248591566088,0.7011920826741623,0.6080793270897485,0.8400524587922745
"128",44.87282538237572,44.356486213827125,45.38030536475182,2.631711294595053,2.4122266134733614,2.8968712662217277
