Name,Mean,MeanLB,MeanUB,Stddev,StddevLB,StddevUB
"1",1.2728777665105362e-2,1.254725529572059e-2,1.3015800255742565e-2,1.1534115888142285e-3,7.930644064791994e-4,1.9235520368897164e-3
"2",3.20971019448905e-2,3.180914475342324e-2,3.259633852860022e-2,1.8873292723664214e-3,1.1634347445228725e-3,2.7322010888323556e-3
"4",8.994505955597452e-2,8.947722746750403e-2,9.056588723084023e-2,2.7454770922710446e-3,2.1765896386496003e-3,3.32944156611767e-3
"8",0.2787627442063958,0.2776074655236867,0.2799222548188835,5.924649308472786e-3,5.409043493455231e-3,6.537637927044699e-3
"16",1.0130318958940174,1.0121658427896167,1.0139080579461723,4.469755898448952e-3,4.010211508333338e-3,4.998772155682033e-3
"32",4.291488228577583,4.289891761082614,4.293157161015477,8.4021768708838e-3,7.598797784744202e-3,9.362470724244593e-3
"64",19.504415868061983,19.497619837063763,19.511226821679085,3.4939220489940914e-2,3.281487429195947e-2,3.7568626084393236e-2
"128",92.3039563639345,92.2155161483469,92.41063223912136,0.4963773045206456,0.4184613796916318,0.588234173205641
