Name,Mean,MeanLB,MeanUB,Stddev,StddevLB,StddevUB
"1",5.085172396099993e-3,4.743442278302143e-3,5.747464638150165e-3,2.3409121601931484e-3,1.37455414249825e-3,3.4784060954651426e-3
"2",1.1290130101037878e-2,1.0830137215448279e-2,1.2426347218347452e-2,3.4766241237823704e-3,1.785500213634761e-3,6.6574400379608625e-3
"4",3.7695178471399186e-2,3.698201843340482e-2,3.916578718264188e-2,5.039138502960537e-3,2.5905832460758923e-3,8.352680200353114e-3
"8",0.14301930376131622,0.13871641822893696,0.14939595409472073,2.6439922669379598e-2,1.9387708717275857e-2,3.576269936375108e-2
"16",0.6440596003158815,0.628613955460382,0.6667641062362916,9.457242309467935e-2,6.958617126416214e-2,0.1361780157990926
"32",2.9405546898468256,2.886891896210505,3.007019395314049,0.3057411857242602,0.25136088090302044,0.37700792156190777
"64",13.20765365310747,13.109275328598812,13.318710779629548,0.5350682146595154,0.4630385796967076,0.6309285624531242
"128",60.139238576374844,59.96574863859256,60.325683202229335,0.9208014190536101,0.8041865403887484,1.084867829730489
