Name,Mean,MeanLB,MeanUB,Stddev,StddevLB,StddevUB
"1",2.9092056528761488e-3,2.8776378409102045e-3,2.9445667044355945e-3,1.716103880552292e-4,1.5281247867389127e-4,1.9114685771644607e-4
"2",7.661305859890476e-3,7.610827878323095e-3,7.70525832494785e-3,2.406234101292672e-4,2.0253095102137274e-4,2.8328047964030307e-4
"4",2.2368875935879252e-2,2.2164319947567485e-2,2.282647271474888e-2,1.491222290946282e-3,6.679555284494359e-4,2.7343056409913817e-3
"8",0.22763182778677035,0.2226068987401395,0.23351809163412146,2.7918826866916272e-2,2.446347560877994e-2,3.1387508234438304e-2
"16",0.7704778112920192,0.7590759982617762,0.782703467801419,6.05589981315469e-2,5.321986746537073e-2,7.052253292843458e-2
"32",2.3567960681470312,2.338400699094145,2.3747971977742584,9.304788978204584e-2,8.388100926167753e-2,0.10407500616824518
"64",7.173216122582761,7.13350602050146,7.214899786904662,0.20867553034275632,0.185868081581116,0.23620271681839136
"128",24.788737362817134,24.667525023415898,24.908481747105927,0.6211374525245106,0.5534199492788525,0.7031641768950402
