Name,Mean,MeanLB,MeanUB,Stddev,StddevLB,StddevUB
"1",4.25617931144578e-4,3.8991236473832804e-4,5.149891355207987e-4,2.751073550198487e-4,1.2726214324968637e-4,5.026070076328082e-4
"10",3.650680060897553e-4,3.4230380015713816e-4,3.945827956710543e-4,1.3283750316547203e-4,1.060168536094505e-4,1.824247555810963e-4
"100",2.0896270253828613e-3,2.060282466667039e-3,2.183771369712693e-3,2.426709064329261e-4,8.640961213336959e-5,5.390819673979727e-4
"1000",2.6565840223005833e-3,2.6259281613997044e-3,2.7140810468367165e-3,2.0822662584687386e-4,1.2288359919716146e-4,3.3108920272255566e-4
"10000",2.9175975301436014e-3,2.8753020742109843e-3,2.9817202069929664e-3,2.6317128921302156e-4,1.9068362343690933e-4,3.828628319542216e-4
"100000",2.9030492284468244e-3,2.7988674619368148e-3,3.045311210410935e-3,6.196590668610411e-4,4.84248158624043e-4,7.721409083809641e-4
"1000000",9.480817554252487e-3,9.331836936729296e-3,9.756517646568166e-3,1.0052181837864936e-3,6.06397495576271e-4,1.570556710041896e-3
"10000000",6.855210804726397e-2,6.838127636696613e-2,6.883646511818683e-2,1.0998158635814332e-3,7.549814307743826e-4,1.7879174086712435e-3

