Name,Mean,MeanLB,MeanUB,Stddev,StddevLB,StddevUB
"1",4.40541708362954e-4,3.9840360869254393e-4,5.211772560008932e-4,2.883578784160109e-4,1.701199654235987e-4,4.3752967263882564e-4
"10",3.693423181506141e-4,3.4556423721036753e-4,3.958461194964392e-4,1.2855686587818824e-4,1.1679104610032389e-4,1.394274117537184e-4
"100",2.144872152698891e-3,2.1046461700328753e-3,2.2666539787181794e-3,3.208400546383356e-4,7.240878061274713e-5,6.927748020520981e-4
"1000",2.7971996902355135e-3,2.7629961608776035e-3,2.8719224571117333e-3,2.4571967675845427e-4,1.3050105966510978e-4,4.2954635171352814e-4
"10000",2.9803886054881983e-3,2.9384793876537276e-3,3.0566348670848778e-3,2.8104711657239234e-4,1.811537655372816e-4,4.5336839404113766e-4
"100000",4.603840315235511e-3,4.534505808246987e-3,4.725121462238686e-3,4.592942532314125e-4,2.997277765225173e-4,7.886363576335201e-4
"1000000",9.583567583454512e-3,9.528745615375889e-3,9.681736433399575e-3,3.664510880148923e-4,2.3579782749593234e-4,5.959193813053792e-4
"10000000",7.783055206526604e-2,7.669788261641346e-2,7.893960376967277e-2,5.732137037727852e-3,5.413396861983814e-3,6.2521672800354144e-3

