Name,Mean,MeanLB,MeanUB,Stddev,StddevLB,StddevUB
"1",5.901234545239384e-3,5.849686064251829e-3,5.97343484354871e-3,3.1021855714760823e-4,2.3910338638419843e-4,3.9237055842497376e-4
"10",7.0743111748780545e-3,6.898992456921508e-3,7.435510553845335e-3,1.2336516581296039e-3,6.521244153482195e-4,2.0417082308674672e-3
"100",7.725162901410033e-3,7.529135145672731e-3,8.068366446026733e-3,1.2860688042328557e-3,8.482184361373887e-4,1.965054718069302e-3
"1000",9.12856618357556e-3,8.959904112347533e-3,9.453554548748896e-3,1.1600604647731413e-3,6.878375214229635e-4,1.8196973960538391e-3
"10000",9.824448027142458e-3,9.554489054211548e-3,1.0320039190777706e-2,1.82071795051482e-3,1.0927542268710801e-3,2.7047512235858716e-3
"100000",1.7097125448712277e-2,1.6613865293988155e-2,1.7662959494122436e-2,2.6749719923412386e-3,2.253572306867028e-3,3.6238648008794167e-3
"1000000",5.115102330637829e-2,4.986581841898817e-2,5.243693629694837e-2,6.571825656301186e-3,6.1464690103139015e-3,7.0716553544741085e-3
