Name,Mean,MeanLB,MeanUB,Stddev,StddevLB,StddevUB
"1",3.458712170124055e-3,3.3998609280586236e-3,3.529295990467071e-3,3.3070513919446757e-4,2.8959023506892423e-4,3.7386918357158565e-4
"2",3.44729430437088e-3,3.336453506946563e-3,3.632190296649933e-3,7.204457448389499e-4,4.8017904266097193e-4,1.011960375806493e-3
"4",6.21944434404373e-3,6.178796360492707e-3,6.26380688905716e-3,2.182176010765994e-4,1.9565658958330673e-4,2.455556915527475e-4
"8",1.1695475647449492e-2,1.1668155262470243e-2,1.1735813686847688e-2,1.6836388672797706e-4,1.2620863141875305e-4,2.353058022200016e-4
"16",2.2969858715534218e-2,2.2924957344532017e-2,2.3021869728565212e-2,2.4691170593383807e-4,2.145334921104334e-4,2.8927526410726543e-4
"32",4.5452976295948015e-2,4.5397687027454385e-2,4.556595332384109e-2,3.8757032763243253e-4,2.3409688605167787e-4,7.608981490503943e-4
"64",9.067080266237255e-2,9.059651620149609e-2,9.075111396074294e-2,3.974143420048585e-4,3.448333774246145e-4,5.018685137867575e-4
"128",0.22450123555421833,0.2243773723340034,0.22466083771944045,7.211869637713392e-4,5.76538037850016e-4,9.207496053685759e-4

