Name,Mean,MeanLB,MeanUB,Stddev,StddevLB,StddevUB
"1",8.854030877032449e-3,8.687102108874495e-3,9.230098038592514e-3,1.2185328122174225e-3,6.834904658607311e-4,2.454933477915005e-3
"2",1.7192239075579818e-2,1.6819271355548084e-2,1.7755448132434067e-2,2.325834456212321e-3,1.6636579496799922e-3,3.2310070300682024e-3
"4",3.261051347819823e-2,3.234638860789793e-2,3.316666772929688e-2,1.8902888810831099e-3,1.0141101191157255e-3,3.6344778235682805e-3
"8",6.680537870494382e-2,6.593727758494865e-2,6.770397117702023e-2,4.526325251676353e-3,4.1097628318900415e-3,5.124916281061975e-3
"16",0.15095056703654786,0.14962574174968263,0.1522199862298157,6.673431537493834e-3,5.888281042684487e-3,7.614797016965627e-3
"32",0.3885840957459593,0.38724136045543217,0.3899587672051574,6.977905093954404e-3,6.270187753507031e-3,7.889007370026398e-3
"64",1.076415290146747,1.0732736366089966,1.0795126002129705,1.5965091970146447e-2,1.4277636752250931e-2,1.8160264408495726e-2
"128",3.7589616768654985,3.7556385057267327,3.762523712426105,1.7573418901679523e-2,1.5549091224359672e-2,2.0185180898789484e-2
