Name,Mean,MeanLB,MeanUB,Stddev,StddevLB,StddevUB
"1",3.1032028967780717e-3,3.058473187152829e-3,3.19345863408276e-3,3.123035362508095e-4,1.6831424107245548e-4,5.610552236768327e-4
"2",4.589904862110105e-3,4.525105076496091e-3,4.725214558307614e-3,4.5951508037636027e-4,2.476893930922119e-4,7.624340317805647e-4
"4",8.521496372882806e-3,8.459509926502193e-3,8.668080883686032e-3,4.5986715638835857e-4,1.8639288814975414e-4,8.214175412113224e-4
"8",2.5664891319934817e-2,2.5534421520893056e-2,2.5881809311572992e-2,8.431218432306953e-4,5.625068976247391e-4,1.1855786087948436e-3
"16",8.082926424092482e-2,8.079353721684639e-2,8.088106306142041e-2,2.1760010301288482e-4,1.640241373522201e-4,3.1219970247066544e-4
"32",0.29625723989552694,0.29622862489766294,0.2963283577734872,2.1605348422537715e-4,1.0498872598910486e-4,4.253600544115876e-4
"64",1.1642345753485608,1.1641165009314458,1.1644673076445504,8.140177276606571e-4,4.677452960773193e-4,1.307601318096564e-3
"128",4.792385067063039,4.792373687344257,4.792406624870961,7.770179932419594e-5,4.736836239008429e-5,1.2266163286971796e-4
