Name,Mean,MeanLB,MeanUB,Stddev,StddevLB,StddevUB
"1",1.4977510898773164e-3,1.4929111927215544e-3,1.5019544094268765e-3,2.32083028626164e-5,1.9102174474501993e-5,2.931408230873104e-5
"2",4.793278401983633e-3,4.784731095922845e-3,4.802319234503167e-3,4.507724294214212e-5,3.988832169378728e-5,5.541699166384556e-5
"4",8.271936601293939e-3,8.251263326300043e-3,8.299066251409908e-3,1.2012466388162795e-4,9.575485382096774e-5,1.6245769618667606e-4
"8",3.139698428500974e-2,3.135174912799683e-2,3.146031541217652e-2,2.7023941816109426e-4,2.0907933339152506e-4,3.7474812415573615e-4
"16",0.18125650090564577,0.18109762353290404,0.18151847285617673,1.0225499761315304e-3,6.926632799731922e-4,1.500072692572338e-3
"32",1.2614033810554874,1.2611544172226308,1.2620293538032898,1.8967482547653054e-3,9.430008368402863e-4,3.941526490627625e-3
"64",7.371586317247044,7.370742887681617,7.373048612302435,5.5902875968223105e-3,3.578288127000241e-3,8.321290841879667e-3
