Name,Mean,MeanLB,MeanUB,Stddev,StddevLB,StddevUB
"1",7.189800090555635e-3,7.142805404428923e-3,7.2388094136757505e-3,2.466152677180722e-4,2.218097007165137e-4,2.7770471755947943e-4
"2",2.4510289973978496e-2,2.4428603000406703e-2,2.4593726939920877e-2,4.267003624170102e-4,3.8387838388913086e-4,4.797837667006257e-4
"4",9.207745248771142e-2,9.184807950950091e-2,9.23383444020791e-2,1.2518242276012947e-3,1.1085760981570298e-3,1.4578115066986633e-3
"8",0.3706599109838053,0.36821934873557516,0.3729592030713601,1.213214998826461e-2,1.1079808245733565e-2,1.3180491335308981e-2
"16",1.6297040193746144,1.5754901641080425,1.7154546158978978,0.3436483595625602,0.24551568745159985,0.4517196970856348
"32",6.343067635841136,6.252930986232524,6.555375685043099,0.6665354680544163,0.3491618497395906,1.2349651508048338

