Name,Mean,MeanLB,MeanUB,Stddev,StddevLB,StddevUB
"1",1.3010871890613014e-2,1.288274097783225e-2,1.3243754390307835e-2,8.594351930920653e-4,5.218848236848458e-4,1.6347722664277274e-3
"2",3.273346233708517e-2,3.2461719993182585e-2,3.320739317280905e-2,1.7894965266421854e-3,1.2145808690286186e-3,2.6784283098174487e-3
"4",9.228826809270041e-2,9.177539158208028e-2,9.296783972127096e-2,3.01372729076014e-3,2.3998144860722095e-3,3.8100938831282876e-3
"8",0.2872753410373415,0.28649316120488294,0.288106987956592,4.139627982748574e-3,3.679551130621588e-3,4.612217757443726e-3
"16",1.026921298984119,1.0254828362498962,1.0283245949779234,7.280384941047753e-3,6.340204776024747e-3,8.716464660450833e-3
"32",4.311537650111744,4.30922051239354,4.3142515878711425,1.2802812873583846e-2,1.0658482550866351e-2,1.5393301100150893e-2
"64",19.65622216034275,19.642223608974042,19.669080186370437,6.860826748446935e-2,6.1842179139961755e-2,7.834406187801714e-2

