Name,Mean,MeanLB,MeanUB,Stddev,StddevLB,StddevUB
"1",6.379250633184397e-3,6.340958225194895e-3,6.420215713445628e-3,2.0311254506784335e-4,1.8054329001654178e-4,2.4870884292983107e-4
"2",2.191021357721516e-2,2.1857825862829174e-2,2.1968518840734454e-2,2.8394907220130296e-4,2.443405720567807e-4,3.660225879551823e-4
"4",8.384506617731279e-2,8.37002531165523e-2,8.41052690619869e-2,9.654146804453246e-4,6.391046122805794e-4,1.7870906414185843e-3
"8",0.3276145115966243,0.3272405019874022,0.32799771701044267,1.9275028322410172e-3,1.705647398512108e-3,2.2179551177615056e-3
"16",1.3285178748244684,1.326651627170508,1.3305317107314507,9.973649308217397e-3,8.612566211161481e-3,1.196674354072862e-2
"32",5.517759474861089,5.511243869411411,5.524562090980474,3.4126071244113376e-2,3.0609797427407288e-2,3.896589080869153e-2
"64",21.51194164191431,21.483923114883368,21.558529142486528,0.18134215872798243,0.11923361360452335,0.27729053127782943


