Name,Mean,MeanLB,MeanUB,Stddev,StddevLB,StddevUB
"1",5.119914580562284e-3,5.054270793178253e-3,5.356671382167507e-3,5.706269189025157e-4,1.4185744832221297e-4,1.3071671652606644e-3
"2",1.903188424227493e-2,1.8927096892574e-2,1.925214009402053e-2,7.446542054508795e-4,4.2634014603011225e-4,1.4140653124111717e-3
"4",7.395413355944408e-2,7.366260247347611e-2,7.443020300982253e-2,1.8685510043220243e-3,1.3138289762645475e-3,2.9653156313371168e-3
"8",0.29212180571673174,0.2918109746467853,0.29240190701601765,1.5101893009888388e-3,1.3303194706457992e-3,1.72380690714778e-3
"16",1.2136278648865007,1.2130695457947043,1.214159037638882,2.775156105423423e-3,2.427909136951648e-3,3.27379823011113e-3
"32",5.254358269740322,5.248882565070369,5.260137812663294,2.8816360535671093e-2,2.7133127120456797e-2,3.046733327940472e-2
"64",22.391778900195344,22.359541151095602,22.424067742396574,0.1657743830696687,0.15399442222977877,0.18075998621959463
